Item,UNITED STATES,ALABAMA,ALASKA,ARIZONA,ARKANSAS,CALIFORNIA,COLORADO,CONNECTICUT,DELAWARE,FLORIDA,GEORGIA,HAWAII,IDAHO,ILLINOIS,INDIANA,IOWA,KANSAS,KENTUCKY,LOUISIANA,MAINE,MARYLAND,MASSACHUSETTS,MICHIGAN,MINNESOTA,MISSISSIPPI,MISSOURI,MONTANA,NEBRASKA,NEVADA,NEW HAMPSHIRE,NEW JERSEY,NEW MEXICO,NEW YORK,NORTH CAROLINA,NORTH DAKOTA,OHIO,OKLAHOMA,OREGON,PENNSYLVANIA,RHODE ISLAND,SOUTH CAROLINA,SOUTH DAKOTA,TENNESSEE,TEXAS,UTAH,VERMONT,VIRGINIA,WASHINGTON,WEST VIRGINIA,WISCONSIN,WYOMING
Total revenue,"1,579,327,215","17,685,597","16,314,578","27,144,911","15,110,836","199,109,935","26,198,172","21,474,407","6,649,109","68,885,833","41,153,807","9,233,435","7,151,673","56,667,679","29,315,999","15,939,935","13,541,510","20,623,791","31,138,155","7,493,041","28,452,629","44,356,687","42,802,955","29,707,313","16,253,029","25,285,284","6,402,859","8,384,577","10,471,591","6,319,486","55,065,611","12,458,381","145,475,808","50,387,762","4,921,091","65,923,692","18,656,746","17,346,580","71,142,087","6,691,508","22,836,798","2,910,381","25,626,489","94,310,376","15,419,153","5,148,618","36,153,130","36,659,905","10,736,112","25,469,939","6,718,235"
,,,,,,,,,,,,,,,,,,,,,,,,,,,,,,,,,,,,,,,,,,,,,,,,,,,
  General revenue,"1,509,888,971","21,306,154","16,182,604","26,534,908","14,758,555","192,336,103","19,294,548","21,416,334","6,555,960","71,467,243","36,671,549","9,236,801","6,808,584","53,365,067","29,244,852","15,013,528","13,504,781","20,837,802","30,681,397","7,493,105","28,845,223","42,056,206","49,316,492","29,682,086","16,504,961","24,253,709","5,490,621","8,357,739","9,431,327","5,707,224","51,395,700","13,279,063","131,165,768","42,064,048","4,655,088","54,745,431","17,826,212","16,856,418","60,800,175","6,387,606","20,236,860","3,426,159","25,105,575","99,010,018","13,194,250","4,857,001","36,062,290","32,272,827","10,766,289","27,802,380","5,624,350"
    Intergovernmental revenue,"441,972,830","7,044,767","2,190,854","8,887,402","4,531,191","51,914,572","4,638,259","4,344,898","1,335,675","19,876,492","13,090,193","2,092,852","2,046,612","14,741,837","8,349,018","4,630,352","3,495,517","6,630,599","14,181,049","2,427,894","7,525,060","10,323,982","13,363,940","7,255,639","7,718,794","8,574,430","1,919,126","2,560,819","1,857,810","1,830,369","11,217,573","4,322,241","44,905,377","12,588,553","1,233,474","17,093,617","5,705,546","4,835,171","16,170,286","2,017,956","6,280,223","1,256,446","8,308,154","33,611,389","3,474,592","1,420,594","7,395,278","8,303,676","3,274,439","7,013,591","2,164,652"
    Taxes,"779,716,635","9,070,530","8,732,385","13,153,271","7,530,504","117,361,976","9,624,636","13,946,399","2,930,955","35,977,055","18,070,032","5,147,569","3,651,917","29,916,869","15,117,458","6,892,041","7,159,748","10,043,875","11,003,870","3,785,719","15,743,757","22,059,169","24,781,626","18,320,891","6,745,743","10,919,336","2,457,929","4,228,800","6,148,455","2,251,179","30,616,510","5,211,507","65,244,750","22,809,716","2,312,056","26,074,544","8,330,786","7,487,873","32,123,740","2,761,356","8,435,550","1,321,368","11,538,430","45,536,833","6,109,256","2,544,197","18,322,873","17,959,833","4,881,908","14,915,012","2,404,843"
      General sales,"240,165,120","2,287,288", -   ,"5,741,914","2,807,943","31,972,874","2,312,731","3,545,734", -   ,"21,518,100","5,796,653","2,619,595","1,347,327","7,935,417","5,738,829","1,840,862","2,264,747","2,875,836","3,459,383","1,060,557","3,748,933","4,098,089","8,225,599","4,550,838","3,135,390","3,228,274", -   ,"1,534,134","3,077,433", -   ,"8,915,515","1,922,922","11,294,737","5,269,929","530,078","7,865,674","2,096,220", -   ,"8,873,309","846,870","3,051,608","732,438","6,832,948","21,630,136","1,964,119","338,941","3,571,486","11,344,622","1,109,822","4,268,068","981,198"
      Selective sales,"118,659,579","2,145,820","277,033","1,851,551","970,274","7,834,850","1,206,858","2,267,169","484,515","7,902,020","1,892,192","682,584","395,967","6,948,758","2,657,180","1,119,705","826,474","1,842,681","2,079,507","644,749","2,529,653","2,108,903","3,694,773","2,882,225","1,094,053","1,542,357","544,402","501,307","1,864,646","792,947","3,604,086","739,335","8,855,309","3,664,857","343,328","4,879,721","937,582","969,734","6,432,704","534,245","1,227,555","339,814","1,779,434","12,737,169","679,915","516,320","2,436,546","3,056,046","1,157,069","2,048,994","134,663"
      License taxes,"49,066,849","487,934","137,258","420,770","307,342","7,642,180","377,179","355,345","1,033,345","1,879,315","496,270","156,781","270,270","2,343,858","799,999","639,779","303,696","457,343","498,612","231,268","697,481","685,045","1,354,001","1,011,289","418,771","604,928","311,029","206,783","541,796","215,878","1,452,361","254,544","1,229,922","1,435,665","165,810","2,656,231","891,423","917,300","2,822,738","95,792","433,877","172,165","1,287,826","7,039,520","371,300","124,736","653,076","953,113","193,468","909,664","120,773"
      Individual income tax,"277,996,021","3,077,553", -   ,"3,408,576","2,344,876","55,745,970","5,067,981","6,851,937","1,006,859", -   ,"8,845,476","1,544,835","1,438,518","10,320,000","4,837,524","2,848,393","2,944,851","3,483,138","3,169,686","1,562,839","6,940,134","12,496,142","7,181,055","7,777,259","1,551,079","5,118,849","870,064","1,726,145", -   ,"117,936","12,605,545","1,198,400","36,563,948","10,993,927","317,249","9,847,506","2,787,445","4,968,791","10,408,439","1,091,705","3,327,800", -   ,"290,986", -   ,"2,593,129","623,019","10,114,833", -   ,"1,518,746","6,466,878", -   
      Corporate income tax,"49,860,451","524,808","1,297,513","784,511","342,529","11,849,097","507,986","604,413","308,676","2,208,600","943,042","105,294","190,194","1,860,000","909,494","347,248","528,011","533,630","703,196","184,515","735,324","2,179,956","1,778,317","1,040,479","384,643","384,010","161,713","232,852", -   ,"614,794","2,819,906","403,500","5,037,830","1,206,412","161,925","754,633","360,065","477,113","2,191,420","145,866","312,600","69,879","1,005,880", -   ,"394,638","84,783","787,229", -   ,"538,839","863,088", -   
      Other taxes,"43,968,615","547,127","7,020,581","945,949","757,540","2,317,005","151,901","321,801","97,560","2,469,020","96,399","38,480","9,641","508,836","174,432","96,054","291,969","851,247","1,093,486","101,791","1,092,232","491,034","2,547,881","1,058,801","161,807","40,918","570,721","27,579","664,580","509,624","1,219,097","692,806","2,263,004","238,926","793,666","70,779","1,258,051","154,935","1,395,130","46,878","82,110","7,072","341,356","4,130,008","106,155","856,398","759,703","2,606,052","363,964","358,320","1,168,209"
,,,,,,,,,,,,,,,,,,,,,,,,,,,,,,,,,,,,,,,,,,,,,,,,,,,
    Current charges,"153,836,640","3,472,815","555,151","1,746,819","1,930,167","12,999,990","2,894,059","1,682,224","1,025,091","9,275,152","3,263,435","1,242,141","591,766","4,344,080","3,323,314","2,180,781","1,989,970","2,777,878","2,725,053","770,014","2,963,104","4,068,818","6,289,589","2,246,245","1,390,834","2,429,759","525,124","899,022","685,108","810,572","5,231,009","1,174,047","8,209,050","3,846,243","703,467","7,036,186","2,108,480","2,277,793","7,065,194","688,166","3,909,828","307,015","1,971,476","10,247,358","2,411,035","510,153","6,367,446","3,689,622","1,279,211","3,531,297","174,489"
    Miscellaneous general revenue,"134,362,866","1,718,042","4,704,214","2,747,416","766,693","10,059,565","2,137,594","1,442,813","1,264,239","6,338,544","2,247,889","754,239","518,289","4,362,281","2,455,062","1,310,354","859,546","1,385,450","2,771,425","509,478","2,613,302","5,604,237","4,881,337","1,859,311","649,590","2,330,184","588,442","669,098","739,954","815,104","4,330,608","2,571,268","12,806,591","2,819,536","406,091","4,541,084","1,681,400","2,255,581","5,440,955","920,128","1,611,259","541,330","3,287,515","9,614,438","1,199,367","382,057","3,976,693","2,319,696","1,330,731","2,342,480","880,366"
,,,,,,,,,,,,,,,,,,,,,,,,,,,,,,,,,,,,,,,,,,,,,,,,,,,
  Utility revenue,"16,521,947", -   ,"17,185","28,132", -   ,"5,406,430", -   ,"28,245","13,313","17,864","4,221", -   , -   , -   , -   , -   , -   , -   ,"7,739", -   ,"117,314","194,822", -   , -   , -   , -   , -   , -   ,"68,451",119,"865,175",13,"7,806,970",34, -   , -   ,"458,156",171, -   ,"32,643","1,453,006", -   , -   , -   ,301, -   , -   ,"1,281",362, -   , -   
  Liquor stores revenue,"6,128,282","248,801", -   , -   , -   , -   , -   , -   , -   , -   , -   , -   ,"116,360", -   , -   ,"191,867", -   , -   , -   ,26, -   , -   ,"768,085", -   ,"248,828", -   ,"69,256", -   , -   ,"463,342", -   , -   , -   , -   , -   ,"712,796", -   ,"402,102","1,413,265", -   , -   , -   , -   , -   ,"217,901","42,753","533,023","545,249","74,508", -   ,"80,120"
  Insurance trust revenue (1),"46,788,015","-3,869,358","114,789","581,871","352,281","1,367,402","6,903,624","29,828","79,836","-2,599,274","4,478,037","-3,366","226,729","3,302,612","71,147","734,540","36,729","-214,011","449,019",-90,"-509,908","2,105,659","-7,281,622","25,227","-500,760","1,031,575","842,982","26,838","971,813","148,801","2,804,736","-820,695","6,503,070","8,323,680","266,003","10,465,465","372,378","87,889","8,928,647","271,259","1,146,932","-515,778","520,914","-4,699,642","2,006,701","248,864","-442,183","3,840,548","-105,047","-2,332,441","1,013,765"
,,,,,,,,,,,,,,,,,,,,,,,,,,,,,,,,,,,,,,,,,,,,,,,,,,,
Total expenditure,"1,739,303,201","24,892,739","10,115,914","30,857,509","15,658,192","246,659,361","22,547,367","23,491,372","7,151,941","77,543,853","41,166,551","10,702,719","7,717,823","63,373,639","30,511,583","16,558,941","14,968,812","25,662,244","33,946,744","8,171,059","34,029,826","46,443,177","56,653,904","34,283,510","18,642,936","26,865,659","6,137,669","8,460,595","10,845,375","6,601,654","58,536,128","16,101,771","156,202,016","45,932,844","4,125,958","68,071,276","19,517,639","22,387,184","73,354,637","7,495,870","27,590,685","3,698,335","26,370,615","101,920,390","14,293,669","5,069,432","39,989,854","39,689,815","10,561,575","32,649,254","5,081,586"
  Intergovernmental expenditure,"478,530,574","6,720,814","1,487,649","10,320,506","4,392,340","94,872,980","5,912,545","4,193,874","1,172,083","19,703,095","10,415,395","137,771","2,037,507","14,585,898","7,976,702","4,142,960","4,214,475","4,700,971","6,022,791","1,335,469","8,509,003","8,840,769","19,519,271","11,188,797","5,111,703","5,743,498","1,318,649","1,981,940","3,860,236","1,451,976","10,927,571","4,363,063","52,820,634","13,152,908","805,351","18,080,744","4,391,706","5,640,993","17,826,902","1,067,849","5,719,235","679,868","6,516,598","26,089,474","3,050,173","1,340,755","11,260,089","9,143,766","2,131,100","9,881,119","1,769,009"
  Direct expenditure,"1,260,772,627","18,171,925","8,628,265","20,537,003","11,265,852","151,786,381","16,634,822","19,297,498","5,979,858","57,840,758","30,751,156","10,564,948","5,680,316","48,787,741","22,534,881","12,415,981","10,754,337","20,961,273","27,923,953","6,835,590","25,520,823","37,602,408","37,134,633","23,094,713","13,531,233","21,122,161","4,819,020","6,478,655","6,985,139","5,149,678","47,608,557","11,738,708","103,381,382","32,779,936","3,320,607","49,990,532","15,125,933","16,746,191","55,527,735","6,428,021","21,871,450","3,018,467","19,854,017","75,830,916","11,243,496","3,728,677","28,729,765","30,546,049","8,430,475","22,768,135","3,312,577"
    Current operation,"866,901,215","12,943,521","6,032,765","14,700,559","8,612,637","101,337,883","10,772,499","13,200,479","4,367,073","40,183,329","21,382,870","8,215,698","3,838,580","32,371,022","16,399,693","8,751,216","7,811,768","14,208,741","20,560,928","5,323,809","18,024,549","25,151,808","26,255,979","16,133,279","9,965,918","14,626,384","3,206,493","5,001,430","4,354,990","3,703,831","31,145,159","8,629,097","71,785,169","24,045,876","2,281,405","29,898,844","10,744,503","10,557,630","35,968,591","4,301,670","14,967,195","2,109,612","15,036,505","52,982,858","8,113,264","2,925,409","20,945,285","19,936,695","6,265,863","14,592,918","2,227,936"
    Capital outlay,"112,695,425","1,995,318","1,213,030","1,657,863","891,048","9,771,401","1,278,123","1,304,165","698,180","6,927,364","2,946,826","819,070","771,201","3,350,887","2,056,479","1,185,695","1,107,285","2,486,693","2,813,306","288,296","2,299,752","2,455,753","1,955,213","1,782,231","1,497,202","1,776,134","653,471","766,791","794,520","412,757","4,477,546","1,146,567","9,129,809","2,934,290","407,419","3,569,549","1,651,430","1,323,805","5,840,481","445,746","2,343,611","408,481","1,587,503","8,751,072","1,286,208","202,115","2,730,781","3,128,379","893,891","1,965,324","515,364"
    Insurance benefits and repayments,"201,682,378","2,486,673","885,348","3,178,919","1,303,308","32,676,065","3,499,300","3,065,649","466,895","7,070,887","4,966,214","965,938","782,255","9,108,448","2,370,775","1,593,778","1,323,310","3,058,479","3,014,667","725,687","2,987,361","5,587,616","6,418,910","3,868,653","1,664,516","3,167,446","655,008","436,200","1,455,497","522,637","8,975,630","1,359,808","16,030,157","4,762,718","336,072","12,762,692","1,890,135","4,094,059","9,819,464","1,127,934","2,773,263","298,190","1,838,218","11,016,430","1,168,581","289,118","2,834,682","5,077,423","851,629","4,622,219","447,517"
    Assistance and subsidies,"32,657,676","417,577","179,479","506,178","265,092","1,916,280","236,124","461,253","178,150","2,023,544","857,124","123,216","123,099","1,090,333","740,281","493,304","177,505","704,306","631,391","242,412","1,162,849","690,714","1,194,768","813,873","164,929","505,075","94,740","166,235","173,184","129,326","952,405","210,464","1,461,926","360,692","131,286","2,318,754","322,559","317,207","1,950,815","132,802","1,002,720","66,176","1,177,378","1,890,823","399,606","130,981","1,253,817","1,364,393","163,971","526,773","59,787"
    Interest on debt,"46,835,933","328,836","317,643","493,484","193,767","6,084,752","848,776","1,265,952","269,560","1,635,634","598,122","441,026","165,181","2,867,051","967,653","391,988","334,469","503,054","903,661","255,386","1,046,312","3,716,517","1,309,763","496,677","238,668","1,047,122","209,308","107,999","206,948","381,127","2,057,817","392,772","4,974,321","676,360","164,425","1,440,693","517,306","453,490","1,948,384","419,869","784,661","136,008","214,413","1,189,733","275,837","181,054","965,200","1,039,159","255,121","1,060,901","61,973"
Exhibit: Salaries and wages,"229,862,001","4,194,385","1,515,581","3,343,240","1,855,064","27,788,543","3,553,624","4,287,819","2,267,018","8,677,339","5,008,399","2,563,142","1,041,185","8,488,668","3,742,390","2,301,969","3,174,710","3,736,596","4,262,552","760,447","4,724,830","5,010,065","5,974,110","4,924,638","2,252,581","3,661,593","879,718","2,076,389","1,579,819","947,324","9,891,720","2,256,305","16,348,779","8,084,597","816,227","7,883,170","2,976,703","3,901,453","7,802,801","1,093,981","3,639,952","843,292","3,695,776","14,102,858","2,449,264","733,895","6,215,539","6,254,115","1,441,006","4,203,579","633,251"
,,,,,,,,,,,,,,,,,,,,,,,,,,,,,,,,,,,,,,,,,,,,,,,,,,,
Total expenditure,"1,739,303,201","24,892,739","10,115,914","30,857,509","15,658,192","246,659,361","22,547,367","23,491,372","7,151,941","77,543,853","41,166,551","10,702,719","7,717,823","63,373,639","30,511,583","16,558,941","14,968,812","25,662,244","33,946,744","8,171,059","34,029,826","46,443,177","56,653,904","34,283,510","18,642,936","26,865,659","6,137,669","8,460,595","10,845,375","6,601,654","58,536,128","16,101,771","156,202,016","45,932,844","4,125,958","68,071,276","19,517,639","22,387,184","73,354,637","7,495,870","27,590,685","3,698,335","26,370,615","101,920,390","14,293,669","5,069,432","39,989,854","39,689,815","10,561,575","32,649,254","5,081,586"
 General expenditure,"1,508,097,761","22,170,605","9,148,545","27,647,520","14,354,884","208,758,067","19,020,893","20,020,300","6,561,474","70,387,170","36,166,348","9,735,857","6,849,329","54,264,982","28,140,808","14,830,301","13,645,502","22,603,765","30,926,667","7,445,085","30,328,016","40,620,579","49,612,891","30,349,669","16,776,841","23,698,213","5,423,506","8,024,395","9,319,965","5,672,446","46,810,441","14,741,963","128,221,439","41,045,619","3,789,886","54,863,653","17,208,905","18,076,377","62,231,302","6,228,442","22,985,286","3,400,145","24,532,397","90,763,797","12,966,773","4,707,185","36,709,190","34,091,969","9,634,090","28,019,994","4,564,285"
    Intergovernmental expenditure,"478,530,574","6,720,814","1,487,649","10,320,506","4,392,340","94,872,980","5,912,545","4,193,874","1,172,083","19,703,095","10,415,395","137,771","2,037,507","14,585,898","7,976,702","4,142,960","4,214,475","4,700,971","6,022,791","1,335,469","8,509,003","8,840,769","19,519,271","11,188,797","5,111,703","5,743,498","1,318,649","1,981,940","3,860,236","1,451,976","10,927,571","4,363,063","52,820,634","13,152,908","805,351","18,080,744","4,391,706","5,640,993","17,826,902","1,067,849","5,719,235","679,868","6,516,598","26,089,474","3,050,173","1,340,755","11,260,089","9,143,766","2,131,100","9,881,119","1,769,009"
    Direct expenditure,"1,029,567,187","15,449,791","7,660,896","17,327,014","9,962,544","113,885,087","13,108,348","15,826,426","5,389,391","50,684,075","25,750,953","9,598,086","4,811,822","39,679,084","20,164,106","10,687,341","9,431,027","17,902,794","24,903,876","6,109,616","21,819,013","31,779,810","30,093,620","19,160,872","11,665,138","17,954,715","4,104,857","6,042,455","5,459,729","4,220,470","35,882,870","10,378,900","75,400,805","27,892,711","2,984,535","36,782,909","12,817,199","12,435,384","44,404,400","5,160,593","17,266,051","2,720,277","18,015,799","64,674,323","9,916,600","3,366,430","25,449,101","24,948,203","7,502,990","18,138,875","2,795,276"
,,,,,,,,,,,,,,,,,,,,,,,,,,,,,,,,,,,,,,,,,,,,,,,,,,,
"  General expenditure, by function:",,,,,,,,,,,,,,,,,,,,,,,,,,,,,,,,,,,,,,,,,,,,,,,,,,,
    Education,"547,511,580","10,658,472","2,165,387","9,408,525","6,311,833","73,276,865","7,985,963","5,813,200","2,263,320","23,192,406","16,179,676","3,511,360","2,774,669","16,342,627","10,616,678","5,790,799","5,750,358","8,718,692","9,083,468","2,018,207","10,991,254","10,714,000","21,974,570","12,424,773","5,471,275","8,675,805","1,839,799","2,909,668","4,069,362","2,019,883","15,432,044","5,339,371","39,764,174","17,438,492","1,325,310","20,120,031","7,046,621","6,768,386","19,475,573","1,702,825","8,151,202","1,103,636","8,479,938","40,604,723","6,036,050","2,062,824","14,053,415","14,109,473","3,676,900","10,329,906","1,537,792"
    Public welfare,"411,662,728","4,582,199","1,477,255","7,927,027","3,771,732","60,191,685","4,236,218","5,621,038","1,451,463","18,063,299","9,644,769","1,602,375","1,614,703","17,167,067","8,034,079","3,904,781","3,167,907","6,198,814","5,828,886","2,492,721","7,118,659","12,682,783","13,332,357","9,045,789","4,405,435","6,231,774","1,065,604","2,099,052","1,580,454","1,544,997","12,420,936","3,558,863","44,763,366","10,591,140","773,278","16,113,757","4,821,034","4,311,257","19,822,978","2,230,969","5,474,835","811,709","8,664,226","23,048,973","2,203,414","1,253,623","7,354,674","7,612,755","2,565,426","6,524,417","656,176"
    Hospitals,"54,733,920","1,808,175","35,054","71,539","810,637","6,888,770","437,822","1,395,751","63,435","831,028","805,443","572,458","47,310","1,004,573","198,120","1,092,682","973,004","1,100,758","1,964,889","56,286","541,820","466,869","2,299,233","404,712","953,339","1,322,145","44,955","239,294","234,044","60,361","2,062,211","749,990","4,896,242","1,460,906","16,426","2,089,571","227,554","1,154,493","2,821,303","87,528","1,684,779","60,769","407,688","3,637,784","823,297","20,092","2,849,911","1,743,784","106,482","1,106,220","2,384"
    Health,"61,009,033","699,309","279,028","1,620,620","249,653","11,943,187","809,170","901,164","393,259","3,600,529","1,258,721","677,693","151,087","2,452,733","627,263","240,951","252,179","626,189","640,753","568,473","1,958,191","1,068,262","1,204,513","653,688","368,652","1,163,167","152,645","415,172","261,957","158,845","1,327,893","490,852","7,088,181","1,653,975","64,749","2,470,691","780,680","407,430","2,030,708","180,822","1,051,239","126,093","1,282,165","2,248,068","383,324","167,140","958,002","1,605,753","309,702","703,266","281,247"
    Highways,"107,584,368","1,373,098","1,315,648","2,367,086","915,510","12,173,649","1,281,596","795,191","496,382","7,285,603","2,287,471","407,711","696,062","4,510,194","1,967,658","1,381,730","1,213,980","2,481,003","2,132,077","478,343","2,510,419","2,245,666","2,742,463","2,231,342","1,284,377","2,034,235","606,818","631,028","609,250","440,079","2,736,419","895,994","4,380,808","3,253,678","458,616","3,215,512","1,472,367","1,528,591","6,570,331","201,869","1,064,541","429,629","1,668,715","7,915,817","1,061,364","324,868","3,146,902","2,924,464","1,015,587","1,901,463","521,164"
,,,,,,,,,,,,,,,,,,,,,,,,,,,,,,,,,,,,,,,,,,,,,,,,,,,
    Police protection,"13,617,829","182,955","82,585","273,533","81,440","1,642,063","140,723","216,795","113,596","453,620","317,358","13,808","51,314","437,448","254,012","96,991","110,231","193,185","349,563","72,231","405,655","569,777","346,258","343,342","117,202","214,579","47,166","84,698","105,594","52,148","510,798","140,759","958,637","567,801","27,949","264,055","161,213","173,661","839,741","57,953","208,518","31,514","156,050","720,014","129,182","77,177","689,989","319,335","65,468","132,283","15,862"
    Correction,"49,880,748","525,281","243,961","1,023,693","361,537","8,829,940","996,266","723,346","280,710","2,770,179","1,571,961","219,070","244,504","1,244,230","676,633","291,406","361,648","527,311","773,076","141,982","1,366,211","1,332,960","1,846,681","536,760","369,248","754,740","168,127","219,278","367,241","112,265","1,496,976","376,627","3,135,187","1,324,484","61,368","1,668,729","616,933","720,504","1,744,264","199,394","514,479","110,268","768,711","3,565,217","332,828","120,328","1,547,571","1,205,895","241,996","1,084,127","164,617"
    Natural resources,"22,538,841","309,369","284,520","321,173","249,560","4,885,087","323,226","123,842","94,329","1,833,040","518,215","113,560","213,597","272,110","293,931","288,799","205,394","373,489","579,131","167,216","562,098","338,037","363,826","511,888","285,285","347,965","279,698","180,968","137,372","68,642","613,651","221,810","547,896","679,216","166,129","362,226","215,089","424,465","681,763","41,480","299,956","123,365","458,161","839,527","185,613","73,300","214,336","738,520","170,496","646,438","310,037"
    Parks and recreation,"6,408,121","50,268","17,274","132,563","46,533","483,692","79,099","60,090","54,763","195,516","209,191","78,920","41,137","276,560","71,753","61,112","37,074","121,487","371,160","11,159","269,711","238,203","88,249","192,704","39,960","37,236","14,950","28,868","46,373","16,713","502,611","91,671","583,040","278,930","25,730","107,442","99,929","103,461","288,133","7,664","120,343","42,124","148,163","130,316","65,910","14,370","148,721","139,378","67,572","35,926","34,369"
    Governmental administration,"53,497,612","576,755","574,841","767,263","591,373","8,862,959","869,746","1,116,120","483,562","2,389,468","815,307","486,718","360,140","1,219,357","608,666","554,993","459,166","840,386","929,882","325,779","1,243,982","1,666,967","973,142","857,460","327,420","541,561","362,540","204,921","300,560","237,721","1,861,067","528,382","5,875,815","1,177,769","122,952","2,108,862","539,815","888,704","2,503,561","362,174","1,094,646","169,363","788,765","1,751,072","712,868","156,325","1,234,502","785,458","412,403","673,364","200,990"
,,,,,,,,,,,,,,,,,,,,,,,,,,,,,,,,,,,,,,,,,,,,,,,,,,,
    Interest on general debt,"44,838,072","328,836","310,066","490,912","193,767","5,650,752","827,293","1,265,952","269,560","1,635,634","598,122","441,026","165,181","2,867,051","967,653","391,988","334,469","503,054","903,661","255,386","1,046,312","3,627,100","1,309,763","496,677","238,668","1,047,122","209,308","107,999","203,422","381,127","2,053,045","392,772","3,789,714","676,360","164,425","1,440,693","461,086","453,490","1,948,384","419,869","590,974","136,008","214,413","1,189,733","275,837","181,054","965,200","1,039,159","255,121","1,060,901","61,973"
    Other and unallocable,"134,814,909","1,075,888","2,362,926","3,243,586","771,309","13,929,418","1,033,771","1,987,811","597,095","8,136,848","1,960,114","1,611,158","489,625","6,471,032","3,824,362","734,069","780,092","919,397","7,370,121","857,302","2,313,704","5,669,955","3,131,836","2,650,534","2,915,980","1,327,884","631,896","903,449","1,404,336","579,665","5,792,790","1,954,872","12,438,379","1,942,868","582,954","4,902,084","766,584","1,141,935","3,504,563","735,895","2,729,774","255,667","1,495,402","5,112,553","757,086","256,084","3,545,967","1,867,995","746,937","3,821,683","777,674"
,,,,,,,,,,,,,,,,,,,,,,,,,,,,,,,,,,,,,,,,,,,,,,,,,,,
  Utility expenditure,"24,578,412", -   ,"82,021","31,070", -   ,"5,225,229","27,174","405,423","123,572","85,796","33,989",924, -   ,209, -   , -   , -   , -   ,"5,410",286,"714,449","234,982",67,"65,188", -   , -   ,25, -   ,"69,913","10,955","2,750,057", -   ,"11,950,420","124,507", -   , -   ,"418,599","13,996",14,"139,494","1,832,136", -   , -   ,"140,163","1,390","29,674","1,430","39,973","12,836","7,041", -   
  Liquor stores expenditure,"4,944,650","235,461", -   , -   , -   , -   , -   , -   , -   , -   , -   , -   ,"86,239", -   , -   ,"134,862", -   , -   , -   ,1, -   , -   ,"622,036", -   ,"201,579", -   ,"59,130", -   , -   ,"395,616", -   , -   , -   , -   , -   ,"444,931", -   ,"202,752","1,303,857", -   , -   , -   , -   , -   ,"156,925","43,455","444,552","480,450","63,020", -   ,"69,784"
  Insurance trust expenditure,"201,682,378","2,486,673","885,348","3,178,919","1,303,308","32,676,065","3,499,300","3,065,649","466,895","7,070,887","4,966,214","965,938","782,255","9,108,448","2,370,775","1,593,778","1,323,310","3,058,479","3,014,667","725,687","2,987,361","5,587,616","6,418,910","3,868,653","1,664,516","3,167,446","655,008","436,200","1,455,497","522,637","8,975,630","1,359,808","16,030,157","4,762,718","336,072","12,762,692","1,890,135","4,094,059","9,819,464","1,127,934","2,773,263","298,190","1,838,218","11,016,430","1,168,581","289,118","2,834,682","5,077,423","851,629","4,622,219","447,517"
,,,,,,,,,,,,,,,,,,,,,,,,,,,,,,,,,,,,,,,,,,,,,,,,,,,
Debt at end of fiscal year,"1,006,121,415","8,472,097","6,491,713","10,519,389","4,352,951","121,929,578","15,879,387","27,554,245","5,722,757","44,076,196","12,024,583","6,296,492","3,379,159","58,436,829","19,916,264","7,235,998","5,836,651","12,209,861","16,387,658","5,297,682","23,120,309","71,892,262","30,048,498","9,538,669","6,331,031","19,740,684","4,660,223","2,719,139","4,248,696","7,908,632","52,785,000","7,763,822","114,240,227","19,605,315","1,951,959","27,306,103","9,129,789","11,597,440","40,100,004","8,926,977","15,212,910","3,408,138","4,366,410","33,587,699","5,907,105","3,371,915","21,293,517","23,524,009","6,365,585","22,107,148","1,342,710"
,,,,,,,,,,,,,,,,,,,,,,,,,,,,,,,,,,,,,,,,,,,,,,,,,,,
Cash and security holdings,"3,758,006,530","38,053,214","62,377,932","47,226,651","24,431,316","540,349,584","68,695,707","43,739,449","14,039,489","186,000,774","75,648,388","17,234,080","17,140,704","132,013,893","55,119,114","34,409,200","18,477,838","44,584,567","59,438,420","17,164,883","59,309,195","97,948,823","86,900,927","61,290,809","32,295,824","69,352,772","16,176,597","13,974,630","26,673,275","12,083,395","117,118,748","46,779,111","324,348,229","100,176,883","11,839,776","202,396,973","37,066,174","71,905,837","152,815,652","15,635,551","40,977,111","12,286,042","38,486,619","262,500,473","30,170,610","7,082,025","86,876,125","95,856,465","16,357,378","95,053,879","20,125,419"
,,,,,,,,,,,,,,,,,,,,,,,,,,,,,,,,,,,,,,,,,,,,,,,,,,,
"(1) Within insurance trust revenue, net earnings of state retirement systems  ",,,,,,,,,,,,,,,,,,,,,,,,,,,,,,,,,,,,,,,,,,,,,,,,,,,
"is a calculated statistic (the item code in the data file is X08), and thus can be  ",,,,,,,,,,,,,,,,,,,,,,,,,,,,,,,,,,,,,,,,,,,,,,,,,,,
positive or negative. Net earnings is the sum of earnings on investments plus gains on  ,,,,,,,,,,,,,,,,,,,,,,,,,,,,,,,,,,,,,,,,,,,,,,,,,,,
investments minus losses on investments. The change made in 2002 for asset valuation  ,,,,,,,,,,,,,,,,,,,,,,,,,,,,,,,,,,,,,,,,,,,,,,,,,,,
from book to market value in accordance with Statement 34 of the Governmental ,,,,,,,,,,,,,,,,,,,,,,,,,,,,,,,,,,,,,,,,,,,,,,,,,,,
Accounting Standards Board is reflected in the calculated statistics. ,,,,,,,,,,,,,,,,,,,,,,,,,,,,,,,,,,,,,,,,,,,,,,,,,,,
,,,,,,,,,,,,,,,,,,,,,,,,,,,,,,,,,,,,,,,,,,,,,,,,,,,
Source: 2008 Annual Survey of State Government Finances. Data users who create their own estimates using,,,,,,,,,,,,,,,,,,,,,,,,,,,,,,,,,,,,,,,,,,,,,,,,,,,
data from this report should cite the U.S. Census Bureau as the source of the original data only. The data in,,,,,,,,,,,,,,,,,,,,,,,,,,,,,,,,,,,,,,,,,,,,,,,,,,,
this table are based on information from public records and contain no confidential data. Although the data in,,,,,,,,,,,,,,,,,,,,,,,,,,,,,,,,,,,,,,,,,,,,,,,,,,,
"this table come from a census of governmental units and are not subject to sampling error, the census results",,,,,,,,,,,,,,,,,,,,,,,,,,,,,,,,,,,,,,,,,,,,,,,,,,,
"do contain nonsampling error. Additional information on nonsampling error, response rates, and definitions may be found at:",,,,,,,,,,,,,,,,,,,,,,,,,,,,,,,,,,,,,,,,,,,,,,,,,,,
http://www2.census.gov/govs/state/08_methodology.pdf,,,,,,,,,,,,,,,,,,,,,,,,,,,,,,,,,,,,,,,,,,,,,,,,,,,
,,,,,,,,,,,,,,,,,,,,,,,,,,,,,,,,,,,,,,,,,,,,,,,,,,,
"Created: November 15, 2009",,,,,,,,,,,,,,,,,,,,,,,,,,,,,,,,,,,,,,,,,,,,,,,,,,,
"Last Revised: January 23, 2014",,,,,,,,,,,,,,,,,,,,,,,,,,,,,,,,,,,,,,,,,,,,,,,,,,,
