States,Year,Total revenue,General revenue,Intergovernmental revenue,Taxes,General sales,Selective sales,License taxes,Individual income tax,Corporate income tax,Other taxes,Current charges,Miscellaneous general revenue,Utility revenue, Liquor stores revenue, Insurance trust revenue,Total expenditure,  Intergovernmental expenditure,Direct expenditure,Current operation,Capital outlay,Insurance benefits and repayments,Assistance and subsidies,Interest on debt,Exhibit: Salaries and wages,Total expenditure_1,General expenditure,    Intergovernmental expenditure, Direct expenditure,Education,Public welfare,Hospitals,Health,Highways,Police protection,Correction,Natural resources,Parks and recreation,Governmental administration, Interest on general debt,Other and unallocable,Utility expenditure,Liquor stores expenditure,Insurance trust expenditure,Debt at end of fiscal year,Cash and security holdings
UNITED STATES,2008,1579327215,1509888971,441972830,779716635,240165120,118659579,49066849,277996021,49860451,43968615,153836640,134362866,16521947,6128282,46788015,1739303201,478530574,1260772627,866901215,112695425,201682378,32657676,46835933,229862001,1739303201,1508097761,478530574,1029567187,547511580,411662728,54733920,61009033,107584368,13617829,49880748,22538841,6408121,53497612,44838072,134814909,24578412,4944650,201682378,1006121415,3758006530
ALABAMA,2008,17685597,21306154,7044767,9070530,2287288,2145820,487934,3077553,524808,547127,3472815,1718042, -   ,248801,-3869358,24892739,6720814,18171925,12943521,1995318,2486673,417577,328836,4194385,24892739,22170605,6720814,15449791,10658472,4582199,1808175,699309,1373098,182955,525281,309369,50268,576755,328836,1075888, -   ,235461,2486673,8472097,38053214
ALASKA,2008,16314578,16182604,2190854,8732385, -   ,277033,137258, -   ,1297513,7020581,555151,4704214,17185, -   ,114789,10115914,1487649,8628265,6032765,1213030,885348,179479,317643,1515581,10115914,9148545,1487649,7660896,2165387,1477255,35054,279028,1315648,82585,243961,284520,17274,574841,310066,2362926,82021, -   ,885348,6491713,62377932
ARIZONA,2008,27144911,26534908,8887402,13153271,5741914,1851551,420770,3408576,784511,945949,1746819,2747416,28132, -   ,581871,30857509,10320506,20537003,14700559,1657863,3178919,506178,493484,3343240,30857509,27647520,10320506,17327014,9408525,7927027,71539,1620620,2367086,273533,1023693,321173,132563,767263,490912,3243586,31070, -   ,3178919,10519389,47226651
ARKANSAS,2008,15110836,14758555,4531191,7530504,2807943,970274,307342,2344876,342529,757540,1930167,766693, -   , -   ,352281,15658192,4392340,11265852,8612637,891048,1303308,265092,193767,1855064,15658192,14354884,4392340,9962544,6311833,3771732,810637,249653,915510,81440,361537,249560,46533,591373,193767,771309, -   , -   ,1303308,4352951,24431316
CALIFORNIA,2008,199109935,192336103,51914572,117361976,31972874,7834850,7642180,55745970,11849097,2317005,12999990,10059565,5406430, -   ,1367402,246659361,94872980,151786381,101337883,9771401,32676065,1916280,6084752,27788543,246659361,208758067,94872980,113885087,73276865,60191685,6888770,11943187,12173649,1642063,8829940,4885087,483692,8862959,5650752,13929418,5225229, -   ,32676065,121929578,540349584
COLORADO,2008,26198172,19294548,4638259,9624636,2312731,1206858,377179,5067981,507986,151901,2894059,2137594, -   , -   ,6903624,22547367,5912545,16634822,10772499,1278123,3499300,236124,848776,3553624,22547367,19020893,5912545,13108348,7985963,4236218,437822,809170,1281596,140723,996266,323226,79099,869746,827293,1033771,27174, -   ,3499300,15879387,68695707
CONNECTICUT,2008,21474407,21416334,4344898,13946399,3545734,2267169,355345,6851937,604413,321801,1682224,1442813,28245, -   ,29828,23491372,4193874,19297498,13200479,1304165,3065649,461253,1265952,4287819,23491372,20020300,4193874,15826426,5813200,5621038,1395751,901164,795191,216795,723346,123842,60090,1116120,1265952,1987811,405423, -   ,3065649,27554245,43739449
DELAWARE,2008,6649109,6555960,1335675,2930955, -   ,484515,1033345,1006859,308676,97560,1025091,1264239,13313, -   ,79836,7151941,1172083,5979858,4367073,698180,466895,178150,269560,2267018,7151941,6561474,1172083,5389391,2263320,1451463,63435,393259,496382,113596,280710,94329,54763,483562,269560,597095,123572, -   ,466895,5722757,14039489
FLORIDA,2008,68885833,71467243,19876492,35977055,21518100,7902020,1879315, -   ,2208600,2469020,9275152,6338544,17864, -   ,-2599274,77543853,19703095,57840758,40183329,6927364,7070887,2023544,1635634,8677339,77543853,70387170,19703095,50684075,23192406,18063299,831028,3600529,7285603,453620,2770179,1833040,195516,2389468,1635634,8136848,85796, -   ,7070887,44076196,186000774
GEORGIA,2008,41153807,36671549,13090193,18070032,5796653,1892192,496270,8845476,943042,96399,3263435,2247889,4221, -   ,4478037,41166551,10415395,30751156,21382870,2946826,4966214,857124,598122,5008399,41166551,36166348,10415395,25750953,16179676,9644769,805443,1258721,2287471,317358,1571961,518215,209191,815307,598122,1960114,33989, -   ,4966214,12024583,75648388
HAWAII,2008,9233435,9236801,2092852,5147569,2619595,682584,156781,1544835,105294,38480,1242141,754239, -   , -   ,-3366,10702719,137771,10564948,8215698,819070,965938,123216,441026,2563142,10702719,9735857,137771,9598086,3511360,1602375,572458,677693,407711,13808,219070,113560,78920,486718,441026,1611158,924, -   ,965938,6296492,17234080
IDAHO,2008,7151673,6808584,2046612,3651917,1347327,395967,270270,1438518,190194,9641,591766,518289, -   ,116360,226729,7717823,2037507,5680316,3838580,771201,782255,123099,165181,1041185,7717823,6849329,2037507,4811822,2774669,1614703,47310,151087,696062,51314,244504,213597,41137,360140,165181,489625, -   ,86239,782255,3379159,17140704
ILLINOIS,2008,56667679,53365067,14741837,29916869,7935417,6948758,2343858,10320000,1860000,508836,4344080,4362281, -   , -   ,3302612,63373639,14585898,48787741,32371022,3350887,9108448,1090333,2867051,8488668,63373639,54264982,14585898,39679084,16342627,17167067,1004573,2452733,4510194,437448,1244230,272110,276560,1219357,2867051,6471032,209, -   ,9108448,58436829,132013893
INDIANA,2008,29315999,29244852,8349018,15117458,5738829,2657180,799999,4837524,909494,174432,3323314,2455062, -   , -   ,71147,30511583,7976702,22534881,16399693,2056479,2370775,740281,967653,3742390,30511583,28140808,7976702,20164106,10616678,8034079,198120,627263,1967658,254012,676633,293931,71753,608666,967653,3824362, -   , -   ,2370775,19916264,55119114
IOWA,2008,15939935,15013528,4630352,6892041,1840862,1119705,639779,2848393,347248,96054,2180781,1310354, -   ,191867,734540,16558941,4142960,12415981,8751216,1185695,1593778,493304,391988,2301969,16558941,14830301,4142960,10687341,5790799,3904781,1092682,240951,1381730,96991,291406,288799,61112,554993,391988,734069, -   ,134862,1593778,7235998,34409200
KANSAS,2008,13541510,13504781,3495517,7159748,2264747,826474,303696,2944851,528011,291969,1989970,859546, -   , -   ,36729,14968812,4214475,10754337,7811768,1107285,1323310,177505,334469,3174710,14968812,13645502,4214475,9431027,5750358,3167907,973004,252179,1213980,110231,361648,205394,37074,459166,334469,780092, -   , -   ,1323310,5836651,18477838
KENTUCKY,2008,20623791,20837802,6630599,10043875,2875836,1842681,457343,3483138,533630,851247,2777878,1385450, -   , -   ,-214011,25662244,4700971,20961273,14208741,2486693,3058479,704306,503054,3736596,25662244,22603765,4700971,17902794,8718692,6198814,1100758,626189,2481003,193185,527311,373489,121487,840386,503054,919397, -   , -   ,3058479,12209861,44584567
LOUISIANA,2008,31138155,30681397,14181049,11003870,3459383,2079507,498612,3169686,703196,1093486,2725053,2771425,7739, -   ,449019,33946744,6022791,27923953,20560928,2813306,3014667,631391,903661,4262552,33946744,30926667,6022791,24903876,9083468,5828886,1964889,640753,2132077,349563,773076,579131,371160,929882,903661,7370121,5410, -   ,3014667,16387658,59438420
MAINE,2008,7493041,7493105,2427894,3785719,1060557,644749,231268,1562839,184515,101791,770014,509478, -   ,26,-90,8171059,1335469,6835590,5323809,288296,725687,242412,255386,760447,8171059,7445085,1335469,6109616,2018207,2492721,56286,568473,478343,72231,141982,167216,11159,325779,255386,857302,286,1,725687,5297682,17164883
MARYLAND,2008,28452629,28845223,7525060,15743757,3748933,2529653,697481,6940134,735324,1092232,2963104,2613302,117314, -   ,-509908,34029826,8509003,25520823,18024549,2299752,2987361,1162849,1046312,4724830,34029826,30328016,8509003,21819013,10991254,7118659,541820,1958191,2510419,405655,1366211,562098,269711,1243982,1046312,2313704,714449, -   ,2987361,23120309,59309195
MASSACHUSETTS,2008,44356687,42056206,10323982,22059169,4098089,2108903,685045,12496142,2179956,491034,4068818,5604237,194822, -   ,2105659,46443177,8840769,37602408,25151808,2455753,5587616,690714,3716517,5010065,46443177,40620579,8840769,31779810,10714000,12682783,466869,1068262,2245666,569777,1332960,338037,238203,1666967,3627100,5669955,234982, -   ,5587616,71892262,97948823
MICHIGAN,2008,42802955,49316492,13363940,24781626,8225599,3694773,1354001,7181055,1778317,2547881,6289589,4881337, -   ,768085,-7281622,56653904,19519271,37134633,26255979,1955213,6418910,1194768,1309763,5974110,56653904,49612891,19519271,30093620,21974570,13332357,2299233,1204513,2742463,346258,1846681,363826,88249,973142,1309763,3131836,67,622036,6418910,30048498,86900927
MINNESOTA,2008,29707313,29682086,7255639,18320891,4550838,2882225,1011289,7777259,1040479,1058801,2246245,1859311, -   , -   ,25227,34283510,11188797,23094713,16133279,1782231,3868653,813873,496677,4924638,34283510,30349669,11188797,19160872,12424773,9045789,404712,653688,2231342,343342,536760,511888,192704,857460,496677,2650534,65188, -   ,3868653,9538669,61290809
MISSISSIPPI,2008,16253029,16504961,7718794,6745743,3135390,1094053,418771,1551079,384643,161807,1390834,649590, -   ,248828,-500760,18642936,5111703,13531233,9965918,1497202,1664516,164929,238668,2252581,18642936,16776841,5111703,11665138,5471275,4405435,953339,368652,1284377,117202,369248,285285,39960,327420,238668,2915980, -   ,201579,1664516,6331031,32295824
MISSOURI,2008,25285284,24253709,8574430,10919336,3228274,1542357,604928,5118849,384010,40918,2429759,2330184, -   , -   ,1031575,26865659,5743498,21122161,14626384,1776134,3167446,505075,1047122,3661593,26865659,23698213,5743498,17954715,8675805,6231774,1322145,1163167,2034235,214579,754740,347965,37236,541561,1047122,1327884, -   , -   ,3167446,19740684,69352772
MONTANA,2008,6402859,5490621,1919126,2457929, -   ,544402,311029,870064,161713,570721,525124,588442, -   ,69256,842982,6137669,1318649,4819020,3206493,653471,655008,94740,209308,879718,6137669,5423506,1318649,4104857,1839799,1065604,44955,152645,606818,47166,168127,279698,14950,362540,209308,631896,25,59130,655008,4660223,16176597
NEBRASKA,2008,8384577,8357739,2560819,4228800,1534134,501307,206783,1726145,232852,27579,899022,669098, -   , -   ,26838,8460595,1981940,6478655,5001430,766791,436200,166235,107999,2076389,8460595,8024395,1981940,6042455,2909668,2099052,239294,415172,631028,84698,219278,180968,28868,204921,107999,903449, -   , -   ,436200,2719139,13974630
NEVADA,2008,10471591,9431327,1857810,6148455,3077433,1864646,541796, -   , -   ,664580,685108,739954,68451, -   ,971813,10845375,3860236,6985139,4354990,794520,1455497,173184,206948,1579819,10845375,9319965,3860236,5459729,4069362,1580454,234044,261957,609250,105594,367241,137372,46373,300560,203422,1404336,69913, -   ,1455497,4248696,26673275
NEW HAMPSHIRE,2008,6319486,5707224,1830369,2251179, -   ,792947,215878,117936,614794,509624,810572,815104,119,463342,148801,6601654,1451976,5149678,3703831,412757,522637,129326,381127,947324,6601654,5672446,1451976,4220470,2019883,1544997,60361,158845,440079,52148,112265,68642,16713,237721,381127,579665,10955,395616,522637,7908632,12083395
NEW JERSEY,2008,55065611,51395700,11217573,30616510,8915515,3604086,1452361,12605545,2819906,1219097,5231009,4330608,865175, -   ,2804736,58536128,10927571,47608557,31145159,4477546,8975630,952405,2057817,9891720,58536128,46810441,10927571,35882870,15432044,12420936,2062211,1327893,2736419,510798,1496976,613651,502611,1861067,2053045,5792790,2750057, -   ,8975630,52785000,117118748
NEW MEXICO,2008,12458381,13279063,4322241,5211507,1922922,739335,254544,1198400,403500,692806,1174047,2571268,13, -   ,-820695,16101771,4363063,11738708,8629097,1146567,1359808,210464,392772,2256305,16101771,14741963,4363063,10378900,5339371,3558863,749990,490852,895994,140759,376627,221810,91671,528382,392772,1954872, -   , -   ,1359808,7763822,46779111
NEW YORK,2008,145475808,131165768,44905377,65244750,11294737,8855309,1229922,36563948,5037830,2263004,8209050,12806591,7806970, -   ,6503070,156202016,52820634,103381382,71785169,9129809,16030157,1461926,4974321,16348779,156202016,128221439,52820634,75400805,39764174,44763366,4896242,7088181,4380808,958637,3135187,547896,583040,5875815,3789714,12438379,11950420, -   ,16030157,114240227,324348229
NORTH CAROLINA,2008,50387762,42064048,12588553,22809716,5269929,3664857,1435665,10993927,1206412,238926,3846243,2819536,34, -   ,8323680,45932844,13152908,32779936,24045876,2934290,4762718,360692,676360,8084597,45932844,41045619,13152908,27892711,17438492,10591140,1460906,1653975,3253678,567801,1324484,679216,278930,1177769,676360,1942868,124507, -   ,4762718,19605315,100176883
NORTH DAKOTA,2008,4921091,4655088,1233474,2312056,530078,343328,165810,317249,161925,793666,703467,406091, -   , -   ,266003,4125958,805351,3320607,2281405,407419,336072,131286,164425,816227,4125958,3789886,805351,2984535,1325310,773278,16426,64749,458616,27949,61368,166129,25730,122952,164425,582954, -   , -   ,336072,1951959,11839776
OHIO,2008,65923692,54745431,17093617,26074544,7865674,4879721,2656231,9847506,754633,70779,7036186,4541084, -   ,712796,10465465,68071276,18080744,49990532,29898844,3569549,12762692,2318754,1440693,7883170,68071276,54863653,18080744,36782909,20120031,16113757,2089571,2470691,3215512,264055,1668729,362226,107442,2108862,1440693,4902084, -   ,444931,12762692,27306103,202396973
OKLAHOMA,2008,18656746,17826212,5705546,8330786,2096220,937582,891423,2787445,360065,1258051,2108480,1681400,458156, -   ,372378,19517639,4391706,15125933,10744503,1651430,1890135,322559,517306,2976703,19517639,17208905,4391706,12817199,7046621,4821034,227554,780680,1472367,161213,616933,215089,99929,539815,461086,766584,418599, -   ,1890135,9129789,37066174
OREGON,2008,17346580,16856418,4835171,7487873, -   ,969734,917300,4968791,477113,154935,2277793,2255581,171,402102,87889,22387184,5640993,16746191,10557630,1323805,4094059,317207,453490,3901453,22387184,18076377,5640993,12435384,6768386,4311257,1154493,407430,1528591,173661,720504,424465,103461,888704,453490,1141935,13996,202752,4094059,11597440,71905837
PENNSYLVANIA,2008,71142087,60800175,16170286,32123740,8873309,6432704,2822738,10408439,2191420,1395130,7065194,5440955, -   ,1413265,8928647,73354637,17826902,55527735,35968591,5840481,9819464,1950815,1948384,7802801,73354637,62231302,17826902,44404400,19475573,19822978,2821303,2030708,6570331,839741,1744264,681763,288133,2503561,1948384,3504563,14,1303857,9819464,40100004,152815652
RHODE ISLAND,2008,6691508,6387606,2017956,2761356,846870,534245,95792,1091705,145866,46878,688166,920128,32643, -   ,271259,7495870,1067849,6428021,4301670,445746,1127934,132802,419869,1093981,7495870,6228442,1067849,5160593,1702825,2230969,87528,180822,201869,57953,199394,41480,7664,362174,419869,735895,139494, -   ,1127934,8926977,15635551
SOUTH CAROLINA,2008,22836798,20236860,6280223,8435550,3051608,1227555,433877,3327800,312600,82110,3909828,1611259,1453006, -   ,1146932,27590685,5719235,21871450,14967195,2343611,2773263,1002720,784661,3639952,27590685,22985286,5719235,17266051,8151202,5474835,1684779,1051239,1064541,208518,514479,299956,120343,1094646,590974,2729774,1832136, -   ,2773263,15212910,40977111
SOUTH DAKOTA,2008,2910381,3426159,1256446,1321368,732438,339814,172165, -   ,69879,7072,307015,541330, -   , -   ,-515778,3698335,679868,3018467,2109612,408481,298190,66176,136008,843292,3698335,3400145,679868,2720277,1103636,811709,60769,126093,429629,31514,110268,123365,42124,169363,136008,255667, -   , -   ,298190,3408138,12286042
TENNESSEE,2008,25626489,25105575,8308154,11538430,6832948,1779434,1287826,290986,1005880,341356,1971476,3287515, -   , -   ,520914,26370615,6516598,19854017,15036505,1587503,1838218,1177378,214413,3695776,26370615,24532397,6516598,18015799,8479938,8664226,407688,1282165,1668715,156050,768711,458161,148163,788765,214413,1495402, -   , -   ,1838218,4366410,38486619
TEXAS,2008,94310376,99010018,33611389,45536833,21630136,12737169,7039520, -   , -   ,4130008,10247358,9614438, -   , -   ,-4699642,101920390,26089474,75830916,52982858,8751072,11016430,1890823,1189733,14102858,101920390,90763797,26089474,64674323,40604723,23048973,3637784,2248068,7915817,720014,3565217,839527,130316,1751072,1189733,5112553,140163, -   ,11016430,33587699,262500473
UTAH,2008,15419153,13194250,3474592,6109256,1964119,679915,371300,2593129,394638,106155,2411035,1199367,301,217901,2006701,14293669,3050173,11243496,8113264,1286208,1168581,399606,275837,2449264,14293669,12966773,3050173,9916600,6036050,2203414,823297,383324,1061364,129182,332828,185613,65910,712868,275837,757086,1390,156925,1168581,5907105,30170610
VERMONT,2008,5148618,4857001,1420594,2544197,338941,516320,124736,623019,84783,856398,510153,382057, -   ,42753,248864,5069432,1340755,3728677,2925409,202115,289118,130981,181054,733895,5069432,4707185,1340755,3366430,2062824,1253623,20092,167140,324868,77177,120328,73300,14370,156325,181054,256084,29674,43455,289118,3371915,7082025
VIRGINIA,2008,36153130,36062290,7395278,18322873,3571486,2436546,653076,10114833,787229,759703,6367446,3976693, -   ,533023,-442183,39989854,11260089,28729765,20945285,2730781,2834682,1253817,965200,6215539,39989854,36709190,11260089,25449101,14053415,7354674,2849911,958002,3146902,689989,1547571,214336,148721,1234502,965200,3545967,1430,444552,2834682,21293517,86876125
WASHINGTON,2008,36659905,32272827,8303676,17959833,11344622,3056046,953113, -   , -   ,2606052,3689622,2319696,1281,545249,3840548,39689815,9143766,30546049,19936695,3128379,5077423,1364393,1039159,6254115,39689815,34091969,9143766,24948203,14109473,7612755,1743784,1605753,2924464,319335,1205895,738520,139378,785458,1039159,1867995,39973,480450,5077423,23524009,95856465
WEST VIRGINIA,2008,10736112,10766289,3274439,4881908,1109822,1157069,193468,1518746,538839,363964,1279211,1330731,362,74508,-105047,10561575,2131100,8430475,6265863,893891,851629,163971,255121,1441006,10561575,9634090,2131100,7502990,3676900,2565426,106482,309702,1015587,65468,241996,170496,67572,412403,255121,746937,12836,63020,851629,6365585,16357378
WISCONSIN,2008,25469939,27802380,7013591,14915012,4268068,2048994,909664,6466878,863088,358320,3531297,2342480, -   , -   ,-2332441,32649254,9881119,22768135,14592918,1965324,4622219,526773,1060901,4203579,32649254,28019994,9881119,18138875,10329906,6524417,1106220,703266,1901463,132283,1084127,646438,35926,673364,1060901,3821683,7041, -   ,4622219,22107148,95053879
WYOMING,2008,6718235,5624350,2164652,2404843,981198,134663,120773, -   , -   ,1168209,174489,880366, -   ,80120,1013765,5081586,1769009,3312577,2227936,515364,447517,59787,61973,633251,5081586,4564285,1769009,2795276,1537792,656176,2384,281247,521164,15862,164617,310037,34369,200990,61973,777674, -   ,69784,447517,1342710,20125419
UNITED STATES,2009,1133446448,1493989614,494782446,713474529,226781684,115822472,49145634,245880786,39277558,36566395,162306197,123426442,16471341,6376562,-383391069,1832596801,490887391,1069158872,901310643,116989763,241080311,35005215,47323478,237830501,1832596801,1560046263,490887391,1341709410,567674062,438744629,58041020,62553777,107286437,13676971,50382439,22605445,6113388,54013236,45281069,133673790,26295576,5174651,241080311,1048655489,3082511650
ALABAMA,2009,20036326,21103234,7727088,8306446,2069535,2133748,478927,2662759,493972,467505,3674221,1395479, -   ,252052,-1318960,26422265,6535634,16799551,13906375,2319427,2846717,473380,340732,4424475,26422265,23335185,6535634,19886631,10562134,5452015,1781709,586529,1630041,188250,541049,296527,38642,585530,340732,1332027, -   ,240363,2846717,8155943,33894271
ALASKA,2009,9641320,11531688,2391445,4955884, -   ,250267,132504, -   ,632123,3940990,550563,3633796,17890, -   ,-1908258,10991829,1616689,8279641,6672521,1245331,960536,186426,310326,1600451,10991829,9896330,1616689,9375140,2200202,1582972,35668,321686,1338876,88285,259889,308909,25276,591173,303210,2840184,134963, -   ,960536,6589698,57260898
ARIZONA,2009,23232885,25547876,10402074,11134403,4878883,1831662,400987,2575753,592187,854931,1899187,2112212,29810, -   ,-2344801,31516818,9618970,18200036,15450621,1700592,3665790,572839,508006,3286804,31516818,27819006,9618970,21897848,8859323,8770335,62173,1728249,2309492,268685,1135021,273817,124043,713057,505602,3069209,32022, -   ,3665790,12324879,39049289
ARKANSAS,2009,12479447,15210774,4949582,7467679,2765996,984947,328393,2238958,346215,803170,2022204,771309, -   , -   ,-2731327,16164504,4698889,9854212,8500184,919939,1611403,273041,161048,1529945,16164504,14553101,4698889,11465615,6524569,3831405,837945,208984,912721,64360,305250,231121,42228,504156,161048,929314, -   , -   ,1611403,4135051,20794236
CALIFORNIA,2009,113241403,186207795,60516817,101007459,28972302,7409041,8371914,44355959,9535679,2362564,14109115,10574404,4652318, -   ,-77618710,253944548,94909240,116174080,103604985,8965869,38188113,2055490,6220851,28307687,253944548,211083320,94909240,159035308,73248498,63579401,7276117,10932467,10731047,1683827,9110775,4590592,416813,8461946,5839851,15211986,4673115, -   ,38188113,134764874,431467386
COLORADO,2009,9891984,18857772,5132144,8682822,2123671,1175579,365544,4403446,329545,285037,2982445,2060361, -   , -   ,-8965788,24443854,6403127,13971864,11527879,1392365,4045583,269232,805668,3830753,24443854,20374991,6403127,18040727,8634021,4335405,514114,1063230,1224706,130808,1084368,463570,87143,923497,784332,1129797,23280, -   ,4045583,17202374,56306914
CONNECTICUT,2009,17982442,21079172,5518398,12160036,3290050,2135883,363502,5609270,444061,317270,2003752,1396986,29272, -   ,-3126002,25648727,4316376,17025163,14290387,1332174,3794294,482596,1432900,4459197,25648727,21341539,4316376,21332351,6083150,6094081,1455247,972080,950797,209541,735438,126134,45225,1148444,1432900,2088502,512894, -   ,3794294,28394151,35904082
DELAWARE,2009,5780559,6693422,1575270,2799103, -   ,474278,1147987,910693,208677,57468,1057575,1261474,13313, -   ,-926176,7360953,1205247,5429145,4413011,678810,591868,187962,284055,2278043,7360953,6634392,1205247,6155706,2302154,1515666,59063,393254,529442,106079,272763,88653,45959,446087,284055,591217,134693, -   ,591868,5984645,12402126
FLORIDA,2009,45718315,66733795,21083791,32053099,19228000,7749862,1823237, -   ,1836800,1415200,8575764,5021141,17544, -   ,-21033024,75653366,17677928,49315586,39834060,6075135,8552118,2007346,1506779,8748834,75653366,66993514,17677928,57975438,22131046,18569342,892655,3651980,6387750,424007,2670803,1588917,174656,2281797,1506779,6713782,107734, -   ,8552118,39813877,147005681
GEORGIA,2009,33614408,34365954,12830886,16077948,5306491,1694650,481555,7801185,694717,99350,3238685,2218435,7346, -   ,-758892,41452427,10816572,25139571,20928676,2634311,5459680,952900,660288,5483243,41452427,35956143,10816572,30635855,16570989,9892972,636995,1162192,1778524,267760,1429373,469241,209639,790476,660288,2087694,36604, -   ,5459680,13455164,65073208
HAWAII,2009,6945777,9018293,2225268,4712651,2461618,663417,146270,1338702,78597,24047,1388526,691848, -   , -   ,-2072516,11244913,159452,9936935,8516301,864495,1146659,125042,432964,2806515,11244913,10096387,159452,11085461,3556817,1731584,601205,668180,455985,28394,230656,118376,85278,505381,432964,1681567,1867, -   ,1146659,6880242,13167619
IDAHO,2009,5579623,6451878,2195184,3171863,1206137,368211,268208,1175604,142240,11463,605324,479507, -   ,100962,-973217,8260478,2077028,5084698,3981096,849555,1009777,162219,180803,1080463,8260478,7161726,2077028,6183450,2864001,1760304,50337,154581,729798,54254,257810,188889,51848,368341,180803,500760, -   ,88975,1009777,3501676,15116134
ILLINOIS,2009,38582919,53810273,17412025,27415532,7408241,6424835,2257605,9222600,1710000,392251,4714594,4268122, -   , -   ,-15227354,68424788,15034787,42047435,33995876,3960571,11342566,1127203,2963785,8721780,68424788,57082222,15034787,53390001,16732763,18636498,1116377,2417178,5270169,431348,1293462,254267,293656,1249391,2963785,6423328, -   , -   ,11342566,56962364,102248937
INDIANA,2009,27948706,29945668,9423781,14901436,6205638,2650942,697487,4313759,838974,194636,3460345,2160106, -   , -   ,-1996962,31821826,8214991,20345724,16258389,2383372,3261111,804475,899488,3899747,31821826,28560715,8214991,23606835,12646914,7509909,205453,645042,2072949,252094,674337,309901,87960,604974,899488,2651694, -   , -   ,3261111,23711889,53140185
IOWA,2009,13207715,16246355,5670077,6985090,2201396,1070780,658939,2703190,264365,86420,2421550,1169638, -   ,208053,-3246693,18303986,4660802,11511616,9280109,1614519,1990046,505797,252713,2442092,18303986,16172418,4660802,13643184,6147569,4263942,1193593,262034,1613728,97987,292609,323176,41899,574879,252713,1108289, -   ,141522,1990046,6353306,27085348
KANSAS,2009,11654910,13575933,3815931,6694630,2227183,817721,301953,2731559,370889,245325,2182508,882864, -   , -   ,-1921023,15832222,4314940,9840914,8163777,1135684,1676368,194699,346754,3189772,15832222,14155854,4314940,11517282,6013798,3282069,1002199,249872,1244991,110155,358672,230085,33566,456186,346754,827507, -   , -   ,1676368,5857295,14909232
KENTUCKY,2009,18875625,21471911,7487283,9740886,2857665,1806165,458548,3315368,389634,913506,2960372,1283370, -   , -   ,-2596286,26853131,4769871,18249258,15067628,1941550,3803813,744925,525344,3747841,26853131,23019129,4769871,22083260,8866268,6842092,1262836,669338,1906011,183117,505941,322654,113587,801282,525344,1020659,30189, -   ,3803813,13364138,36835251
LOUISIANA,2009,23951567,28079896,12521094,10201931,2963758,2239146,464971,2940633,612545,980878,2926042,2430829,6767, -   ,-4135096,33406414,6505389,23451539,18693932,3158557,3443816,650613,954107,4569340,33406414,29956928,6505389,26901025,9239286,6123351,2101290,672118,2666699,343922,832499,639880,290996,954841,954107,5137939,5670, -   ,3443816,17504772,51308816
MAINE,2009,6215026,7890762,3101082,3488960,1012357,628314,243168,1370710,143086,91325,782974,517746, -   ,30,-1675766,8775249,1325723,6560080,5760436,311203,888036,220864,268987,786019,8775249,7885803,1325723,7449526,2063566,2847046,59199,552645,524088,75535,148446,193702,12262,313053,268987,827274,1410, -   ,888036,5297276,14753089
MARYLAND,2009,24054709,29676656,8775964,15285561,3851341,2371570,763284,6478236,749001,1072129,3205651,2409480,117243, -   ,-5739190,36023284,8654935,23010101,18927879,2492962,3537547,1365033,1044928,4889162,36023284,31665036,8654935,27368349,11190257,8131885,556339,2077774,2513661,471575,1412584,645965,179832,1278162,1044928,2162074,820701, -   ,3537547,23472579,49428484
MASSACHUSETTS,2009,34182458,42175688,12749102,19682914,3880087,2216239,753807,10599085,1789553,444143,4407922,5335750,211515, -   ,-8204745,48647503,8890500,32637111,25943582,2471221,6884771,721052,3736377,5024519,48647503,41527611,8890500,39757003,11275401,13189704,489859,1050574,1911792,579052,1329086,401929,222852,1766377,3647775,5663210,235121, -   ,6884771,74597901,86006277
MICHIGAN,2009,53090160,49634829,16311417,22757818,8998942,3505218,1351556,5856751,703250,2342101,6645099,3920495, -   ,781895,2673436,58997843,19656877,30530854,26980272,1713391,8175937,1302438,1168928,6228656,58997843,50187731,19656877,39340966,21938051,14086669,2366161,1204600,2662222,323947,1779209,340598,106892,865902,1168928,3344552,1082,633093,8175937,31686190,74337051
MINNESOTA,2009,22781153,29042836,8006629,17161299,4375200,2987140,1022182,6948119,779055,1049603,2331796,1543112, -   , -   ,-6261683,36308889,11199230,20446522,17327259,1778742,4614619,862045,526994,5180278,36308889,31645752,11199230,25109659,12889957,9926096,366903,662491,2206014,349589,554952,554166,184577,879945,526994,2544068,48518, -   ,4614619,10524424,47853782
MISSISSIPPI,2009,14393964,16838990,8209225,6490579,3026497,1111542,403120,1485592,324301,139527,1520173,619013, -   ,257059,-2702085,19246076,5156650,12005703,10581014,1213912,1876700,199186,218614,2291866,19246076,17162353,5156650,14089426,5442830,5130483,1042491,399109,1204070,115494,367878,256402,47236,355318,218614,2582428, -   ,207023,1876700,6189432,24818914
MISSOURI,2009,17969081,24441178,9619643,10274618,3030477,1568443,571673,4771576,278661,53788,2564778,1982139, -   , -   ,-6472097,28613023,5936688,18882148,15642798,1843989,3794187,546686,848675,3820020,28613023,24818836,5936688,22676335,8802642,6929810,1351676,1300238,2230978,211349,765995,383460,44142,544104,848675,1405767, -   , -   ,3794187,19241356,58359700
MONTANA,2009,4828033,5711793,2097188,2407400, -   ,529392,297986,827196,164255,588571,503559,703646, -   ,67255,-951015,6268607,1276112,4143791,3241813,707903,775308,99478,167993,912618,6268607,5419903,1276112,4992495,1786990,1235984,47418,139165,640962,45213,180160,229264,18904,412461,167993,515389,12076,61320,775308,4469708,14496445
NEBRASKA,2009,7248209,8403141,2770131,4000939,1504174,511109,167014,1602091,198442,18109,971723,660348, -   , -   ,-1154932,9110284,2064173,6484321,5298318,926936,561790,151017,108050,2177828,9110284,8548494,2064173,7046111,3130952,2171990,248014,407012,706424,89722,228871,205476,31178,211647,108050,1009158, -   , -   ,561790,2516775,12195295
NEVADA,2009,7531884,9430817,2510358,5611626,2684029,1671660,530332, -   , -   ,725605,726127,582706,85957, -   ,-1984890,12056208,3864223,6005511,4776583,907637,2098741,197014,212010,1716603,12056208,9869734,3864223,8191985,4100694,1865609,256894,238918,792451,110772,398522,133926,35036,371823,208602,1356487,87733, -   ,2098741,4444804,22531778
NEW HAMPSHIRE,2009,5639852,5721403,1952361,2125722, -   ,829654,227589,98191,493431,476857,823231,820089,119,491420,-573090,6956174,1278589,4568225,4011931,446981,684422,142678,391573,921285,6956174,5846814,1278589,5677585,1998981,1778194,55452,102740,477085,56063,107683,65723,27822,228073,391573,557425,4913,420025,684422,8411660,11057373
NEW JERSEY,2009,42944305,49174866,12424668,27186553,8188990,3537026,1401857,10663866,2397471,997343,5512226,4051419,868023, -   ,-7098584,62037950,11135809,37072292,32028780,4525536,11023189,1185041,2139595,10097140,62037950,48208101,11135809,50902141,16423092,13170854,2131413,1327419,2662684,469289,1473703,646124,436943,1909368,2135032,5422180,2806660, -   ,11023189,56897866,100765945
NEW MEXICO,2009,9869384,13477792,5072725,4817277,1881651,602961,214745,958500,162500,996920,1326495,2261295, -   , -   ,-3608408,17377696,4766207,11030773,9190520,1281777,1580716,233969,324507,2406539,17377696,15796980,4766207,12611489,5482358,3860365,832952,508665,1057458,144802,379599,232723,75545,619924,324507,2278082, -   , -   ,1580716,8001721,36770491
NEW YORK,2009,92112356,134950509,49089065,64756423,11073898,9164520,1255337,36840019,4427675,1994974,8361802,12743219,8303996, -   ,-51142149,165100850,55107082,78833488,74106427,10361149,18574161,1446900,5505131,17398991,165100850,133940570,55107082,109993768,42273865,45235958,5898259,8584306,4533585,967673,3083344,546375,632845,5612270,4230516,12341574,12586119, -   ,18574161,122651630,268269903
NORTH CAROLINA,2009,30150407,41993287,14657693,20525663,4963434,3471751,1474278,9560353,901445,154402,4049902,2760029,5, -   ,-11842885,48586378,13562079,28743859,24950944,2816076,6245400,374478,637401,7968755,48586378,42305938,13562079,35024299,18029629,11213283,1501079,1653556,2885414,484271,1353509,778046,301978,1434647,637401,2033125,35040, -   ,6245400,19910714,80395069
NORTH DAKOTA,2009,4372683,4913633,1349857,2414494,607171,337397,140820,370165,129542,829399,732742,416540, -   , -   ,-540950,4486613,933974,3135346,2433709,423839,417293,131341,146457,931072,4486613,4069320,933974,3552639,1371414,820797,15432,69146,544043,30173,66027,176663,23087,137598,146457,668483, -   , -   ,417293,1888148,11716652
OHIO,2009,26133949,54766763,19265922,23920056,7328388,4821101,2880397,8323352,521363,45455,7319637,4261148, -   ,765784,-29398598,71862926,18963232,37849979,31046745,3533058,14577731,2323844,1418316,8210805,71862926,56813211,18963232,52899694,21396457,16493561,2451790,2278192,3265756,284908,1732289,374480,98725,1929563,1418316,5089174, -   ,471984,14577731,29090503,159914909
OKLAHOMA,2009,17433201,18695690,6553620,8192191,2162693,995643,1020583,2544576,342762,1125934,2210661,1739218,500862, -   ,-1763351,21365899,4506456,13652090,11323040,2401615,2275259,369344,490185,3091929,21365899,18158546,4506456,16859443,7390486,5116159,230161,828620,1648001,165575,629731,243031,95105,584197,430991,796489,932094, -   ,2275259,9855393,31408000
OREGON,2009,7553467,17752415,5867264,7115043, -   ,885526,689616,5162384,243752,133765,2546096,2224012,453,414012,-10613413,24381062,5703775,13684721,11581072,1447670,4767185,425254,456106,4229330,24381062,19388496,5703775,18677287,7133379,4925374,1220844,447523,1565818,166662,713821,454327,100745,942261,456106,1261636,17048,208333,4767185,12678820,58116906
PENNSYLVANIA,2009,40050370,60725555,18314112,30071179,8496182,6600228,2503297,9550238,1740532,1180702,7499934,4840330, -   ,1491768,-22166953,79812933,19144305,47750246,38517831,6798987,11512652,2015399,1823759,7976822,79812933,66894551,19144305,60668628,21325162,21240686,3023026,2127280,7347576,879920,1702602,657563,298631,2901101,1823759,3567245, -   ,1405730,11512652,41924042,111348951
RHODE ISLAND,2009,4813404,6493598,2315920,2586184,814511,569253,96880,960885,108497,36158,710638,880856,34010, -   ,-1714204,7440637,1002915,4960703,4218053,327375,1328207,126794,437293,1056400,7440637,5963618,1002915,6437722,1670031,2175941,64742,181653,220513,67514,179649,40416,6915,358342,437293,560609,148812, -   ,1328207,9180938,13810004
SOUTH CAROLINA,2009,18958820,20692924,7256706,7636726,2910183,1168177,452195,2812300,249200,44671,4147376,1652116,1573993, -   ,-3308097,28569063,5520979,17215296,15550152,2490785,3179134,1074359,753654,3623919,28569063,22736275,5520979,23048084,7834782,6001129,1398273,1056196,1070776,187735,486737,239503,104695,1025605,553483,2777361,2653654, -   ,3179134,15313021,31130906
SOUTH DAKOTA,2009,2367319,3676674,1465460,1341758,756598,327013,200608, -   ,48772,8767,340099,529357, -   , -   ,-1309355,4112566,707862,3024459,2277851,541123,380245,70350,135135,883257,4112566,3732321,707862,3404704,1211838,894392,60465,134191,480144,31338,114507,129866,43417,223105,135135,273923, -   , -   ,380245,3626024,10537938
TENNESSEE,2009,19768870,23655788,8507222,10433133,6356962,1643509,1128651,221685,816261,266065,2349512,2365921, -   , -   ,-3886918,28294693,6797935,19071993,15447191,2098027,2424765,1290657,236118,3781185,28294693,25869928,6797935,21496758,8957181,8749889,466221,1279444,2204291,183422,810953,381408,144638,890583,236118,1565780, -   , -   ,2424765,4847786,34604881
TEXAS,2009,92274744,96156174,35485256,41779699,21053923,11581054,6847541, -   , -   ,2297181,10765547,8125672, -   , -   ,-3881430,110998477,29252364,69046860,58196351,7671578,12603710,2031549,1242925,15118481,110998477,98299224,29252364,81746113,44354519,26582564,3763065,2519399,6776659,747902,3689841,863925,179130,1825325,1242925,5753970,95543, -   ,12603710,30438160,230572829
UTAH,2009,8783428,12837189,3853815,5422858,1744035,654127,356742,2319632,245880,102442,2528773,1031743,466,226337,-4280564,15568462,3120527,10840972,8467249,1809748,1440316,486914,243708,2667813,15568462,13961499,3120527,12447935,6370956,2458093,927095,393241,1325376,125867,333720,183443,56119,784819,243708,759062,1654,164993,1440316,6267888,24732573
VERMONT,2009,4559365,4978013,1573825,2505704,321162,500844,98363,532911,86759,965665,560797,337687, -   ,44405,-463053,5467079,1532766,3502720,3034712,218279,357434,159534,164354,749271,5467079,5035486,1532766,3934313,2269224,1359222,20175,164536,335679,74996,120183,73121,17059,164911,164354,272026,29407,44752,357434,3426670,6202078
VIRGINIA,2009,26194045,34993147,8015001,16607511,3372974,2265379,670999,9194355,633490,470314,6798903,3571732, -   ,551548,-9350650,42204081,11894394,26152972,21361616,2870241,3706785,1365669,1005376,6349548,42204081,38047366,11894394,30309687,14755276,7888513,2991710,1128702,2987783,671407,1547595,226464,113746,1365890,1005376,3364904,2453,447477,3706785,23508301,65557834
WASHINGTON,2009,24387004,32520101,9829012,16407536,10035359,3075425,928056, -   , -   ,2368696,4020108,2263445, -   ,560846,-8693943,43453465,10043789,26493625,20887192,3599861,6351983,1459966,1110674,6528415,43453465,36537414,10043789,33409676,15295072,8189020,1859169,1802465,2896426,322286,1158924,926500,143420,777996,1110674,2055462,63783,500285,6351983,24603219,67199645
WEST VIRGINIA,2009,11112547,11113125,3775786,4787352,1110017,1116306,192985,1557403,420530,390111,1343499,1206488,439,80497,-81514,11501520,2232558,8143844,6696595,1094253,1047745,183911,246458,1574456,11501520,10376402,2232558,9268962,3892978,2860952,114021,290263,1209882,101691,256169,187066,55731,415531,246458,745660,10128,67245,1047745,6501995,16208457
WISCONSIN,2009,8518436,29482062,8796443,14447245,4084147,2563252,959232,5971177,656872,212565,3735733,2502641, -   , -   ,-20963626,35646272,10199520,19977342,15993739,2129786,5460814,600048,1262365,4150383,35646272,30176862,10199520,25446752,10717030,7736417,1142446,588734,2162554,135843,1136178,628189,39027,664260,1262365,3963819,8596, -   ,5460814,20913355,77111900
WYOMING,2009,4787884,6040527,2331836,2763610,989738,130565,152210, -   , -   ,1491097,189912,755169, -   ,82639,-1335282,5577990,1919231,3043957,2423182,561867,543271,66218,64221,680154,5577990,4963188,1919231,3658759,1715510,704647,3300,295986,482546,72513,149257,380892,26740,257637,64221,809939, -   ,71531,543271,1320852,17327978
UNITED STATES,2010,2039926569,1567206839,575371668,705929253,224314387,120207849,50429351,236986784,38006105,35984777,169854534,116051384,15121578,6494993,451103159,1943522632,485557187,1457965445,934321563,118010630,320720833,37561512,47350907,244952277,1943522632,1593693957,485557187,1108136770,571147157,462430908,64509024,58245015,111169808,13828055,48549551,21514767,5719946,53975901,45259591,137344234,23864159,5243683,320720833,1115462639,3323047498
ALABAMA,2010,27058029,23224028,9369725,8419911,2097434,2348046,492844,2616000,428245,437342,4105973,1328419, -   ,252034,3581967,27699687,6604013,21095674,14664600,2074629,3441537,542260,372648,4444987,27699687,24016434,6604013,17412421,10555436,6032533,2043064,608732,1514572,188062,551544,328307,43674,589904,372648,1187958, -   ,241716,3441537,8785245,34217563
ALASKA,2010,12381555,11042685,2961501,4522927, -   ,263005,142849, -   ,643068,3474005,557786,3000471,18709, -   ,1320161,11011201,1655467,9355734,6460100,1243983,1168945,178542,304164,1700062,11011201,9734692,1655467,8079225,2303781,1799863,55371,300110,1447216,98362,270536,420565,21411,614006,297771,2105700,107564, -   ,1168945,6416861,60118873
ARIZONA,2010,33362229,26844746,12577215,10719958,4939718,1777508,369150,2416324,413193,804065,2091011,1456562,29511, -   ,6487972,33015591,9179514,23836077,16019332,1628186,5001254,589282,598023,3180343,33015591,27982432,9179514,18802918,8806846,9211757,61538,1934704,2117105,239436,1061067,273975,83401,691953,595853,2904797,31905, -   ,5001254,13960248,41842910
ARKANSAS,2010,19876100,16501745,5978147,7559898,2615290,1089344,333841,2091082,385365,1044976,2146394,817306, -   , -   ,3374355,18008650,5057598,12951052,9457322,820631,2207414,317052,148633,1906141,18008650,15801236,5057598,10743638,6985983,4290502,809121,254002,932154,81323,369684,273849,63809,566835,148633,1025341, -   , -   ,2207414,4246826,23179987
CALIFORNIA,2010,281667095,198949318,67805353,107195465,33552099,7381087,8123248,45646436,9114589,3378006,15430042,8518458,4052664, -   ,78665113,257236917,90530131,166706786,104408397,9671465,42896074,3018863,6711987,30443984,257236917,210491325,90530131,119961194,70303293,63848655,11010832,7289427,13326933,1623171,7956461,4146716,433010,8330503,6338987,15883337,3849518, -   ,42896074,148929107,480185680
COLORADO,2010,27395534,19336002,5817995,8575262,2039414,1465335,549003,4089948,360003,71559,2951570,1991175, -   , -   ,8059532,26996775,6513704,20483071,11977651,1557328,5815759,293792,838541,3899829,26996775,21153440,6513704,14639736,9090749,4414802,574482,1201514,1380546,131730,985100,329406,101514,849787,817309,1276501,27576, -   ,5815759,16709540,58788204
CONNECTICUT,2010,26851795,21984757,6229831,12344106,3145579,2223116,425359,5768846,507752,273454,2010227,1400593,29146, -   ,4837892,27456676,4846870,22609806,13910437,1369979,5358550,510668,1460172,4209442,27456676,21571811,4846870,16724941,6593494,6029549,1438938,901328,1084512,208817,682065,151634,28981,1101512,1460172,1890809,526315, -   ,5358550,30364883,39250696
DELAWARE,2010,7968952,7226871,2035019,2763032, -   ,462914,1250726,853107,142417,53868,1142706,1286114,15336, -   ,726745,7826826,1235608,6591218,4644340,664509,784349,209723,288297,2266215,7826826,6917204,1235608,5681596,2432264,1656504,55963,396381,521987,105368,261950,80377,43363,445895,288297,628855,125273, -   ,784349,5515150,12829017
FLORIDA,2010,90757028,70445079,25447682,30484883,17535295,7704172,2124726, -   ,1793180,1327510,8586804,5925710,20749, -   ,20291200,81831697,18478449,63353248,41770772,5217181,13048685,1939348,1377262,8809669,81831697,68685083,18478449,50206634,23043590,20880282,881388,3686342,5565691,441041,2504397,1264096,143657,2707530,1377262,6189807,97929, -   ,13048685,41324398,164698269
GEORGIA,2010,44888723,36490385,16204128,14782779,4864691,1651375,467750,7016412,684701,97850,3535034,1968444,6718, -   ,8391620,44482207,10747620,33734587,21390574,2793411,7727831,1123773,698998,5414833,44482207,36710385,10747620,25962765,16985461,9886063,864088,1063229,2175074,303865,1432460,463137,185008,736599,698998,1916403,43991, -   ,7727831,13788833,70644978
HAWAII,2010,11609211,9471490,2592047,4837862,2316434,727946,145952,1527790,79853,39887,1411125,630456, -   , -   ,2137721,11286331,177624,11108707,8248951,888875,1540198,121968,308715,2510083,11286331,9742970,177624,9565346,3254387,1960542,640331,545908,468922,34211,206695,104865,91156,412863,308715,1714375,3163, -   ,1540198,7700654,14385388
IDAHO,2010,8859444,6726503,2672926,2951703,1126671,382936,268003,1068754,98327,7012,616062,485812, -   ,117660,2015281,8514075,2022896,6491179,4092661,780434,1303689,140819,173576,1049380,8514075,7119304,2022896,5096408,2761322,1784787,52078,181764,813816,52218,223624,190429,41966,316483,173576,527241, -   ,91082,1303689,3872453,16364183
ILLINOIS,2010,73558697,55958090,19345760,27795759,6859971,6072665,2408528,9433245,2686686,334664,4522641,4293930, -   , -   ,17600607,74482545,15530746,58951799,33702589,4946928,16021624,1163189,3117469,8760873,74482545,58460921,15530746,42930175,17282643,18099471,1226738,2323789,5956960,439341,1301450,276785,262834,1331644,3117469,6841797, -   , -   ,16021624,61360745,112440344
INDIANA,2010,35574061,29800645,10400713,13795221,5941044,2549406,704694,3868093,597347,134637,3543541,2061170, -   , -   ,5773416,35474194,9705254,25768940,16602413,2309906,4971325,885573,999723,4242570,35474194,30502869,9705254,20797615,14214891,7996960,165690,582108,2656946,244963,669218,309419,75641,528535,999723,2058775, -   , -   ,4971325,23634564,53584303
IOWA,2010,21078589,17029279,6659209,6809344,2121842,1063729,700707,2650037,192138,80891,2416841,1143885, -   ,213972,3835338,19108896,4528319,14580577,9552390,1602122,2655772,519909,250384,2377335,19108896,16306414,4528319,11778095,5946941,4662116,1083134,265724,1796979,88139,289856,302230,31684,539656,250384,1049571, -   ,146710,2655772,7397936,30971251
KANSAS,2010,16538168,14215169,4624104,6492996,2150270,812404,304342,2687542,352419,186019,2200168,897901, -   , -   ,2322999,16583949,4176958,12406991,8429435,1019106,2408383,208907,341160,3580372,16583949,14175566,4176958,9998608,5917771,3341973,1075513,233815,1176849,108573,341998,210172,31774,525924,341160,870044, -   , -   ,2408383,6509409,15920138
KENTUCKY,2010,27772056,22862247,9149028,9531404,2794057,1890689,434765,3154488,383815,873590,2923695,1258120, -   , -   ,4909809,29097531,5078845,24018686,15726860,2042584,4854204,796931,598107,3805359,29097531,24192556,5078845,19113711,9325602,7191181,1180426,729353,1972134,190640,511528,344184,103871,841851,598107,1203679,50771, -   ,4854204,14393269,35207785
LOUISIANA,2010,32176876,27441703,13255001,8758633,2579946,2262851,426651,2286500,393036,809649,3094466,2333603,11469, -   ,4723704,33615486,6658397,26957089,18602304,2555452,4048943,692542,1057848,2493013,33615486,29560930,6658397,22902533,9060789,6436385,2286599,639275,2064808,356710,774510,757490,301299,1009439,1057848,4815778,5613, -   ,4048943,17450402,51587818
MAINE,2010,9290505,7999184,3215209,3489953,989645,677269,248270,1303370,175292,96107,804658,489364, -   ,28,1291293,9024322,1346639,7677683,5734175,388794,1090919,208643,255152,777356,9024322,7929528,1346639,6582889,2097101,2908167,55546,473951,585393,78290,145588,167101,15717,301987,255152,845535,3874,1,1090919,6034227,15976887
MARYLAND,2010,37408265,31198574,10534111,15237748,3753778,2503903,754089,6200292,891392,1134294,3156320,2270395,124362, -   ,6085329,37521125,8592779,28928346,19291377,2468058,4559865,1576304,1032742,4776435,37521125,32110165,8592779,23517386,11685818,8772071,509503,1888732,2193278,465444,1392836,489701,160134,1266812,1032742,2253094,851095, -   ,4559865,24474671,52114688
MASSACHUSETTS,2010,51013137,42894396,13971623,20090563,4625682,2188170,859728,10128035,1834859,454089,4271134,4561076,210660, -   ,7908081,52448089,9107483,43340606,26672369,2622632,9752212,788798,3504595,5159661,52448089,42436302,9107483,33328819,11879337,13772343,486992,1054843,1948609,624631,1203611,398124,198702,1654559,3417904,5796647,259575, -   ,9752212,73939716,88106312
MICHIGAN,2010,66107007,52670317,19527609,22208870,9012729,3422442,1360502,5531349,631895,2249953,7050104,3883734, -   ,780265,12656425,63907650,19410018,44497632,27686548,2467151,11762459,1389817,1191657,6608060,63907650,51510080,19410018,32100062,22789375,14469837,2478235,1117685,2643742,305370,1684525,302828,95844,841715,1191657,3589267,186,634925,11762459,32146344,73395482
MINNESOTA,2010,39908374,31483682,10042829,17208877,4426608,3456295,1055697,6458111,721742,1090424,2537394,1694582, -   , -   ,8424692,37904398,10427657,27476741,18126213,1603553,6182372,1052501,512102,5198408,37904398,31702303,10427657,21274646,11745604,10727038,237638,642730,2464623,369120,508658,560261,219240,879679,512102,2835610,19723, -   ,6182372,11569786,51849514
MISSISSIPPI,2010,20978857,17427549,8834096,6268823,2849099,1225508,408756,1352481,316331,116648,1710579,614051, -   ,257085,3294223,20022652,5272442,14750210,10623947,1349926,2315197,225858,235282,2405967,20022652,17500003,5272442,12227561,5581577,5181703,1065703,423719,1407717,101959,366733,245289,73915,386014,235282,2430392, -   ,207452,2315197,6491980,27827946
MISSOURI,2010,33914202,26110249,11798319,9707053,2919117,1609482,594456,4326507,206936,50555,2656716,1948161, -   , -   ,7803953,30781944,6227955,24553989,16279680,1920922,4976914,556509,819964,3789775,30781944,25805030,6227955,19577075,8949863,7327029,1471659,1375621,2326314,210649,719591,367173,38396,549774,819964,1648997, -   , -   ,4976914,20421226,62767461
MONTANA,2010,7476954,6008627,2504673,2142809, -   ,532013,308933,714814,93225,493824,578992,782153, -   ,68044,1400283,7052380,1334478,5717902,3716530,755124,971106,104786,170356,960080,7052380,6004791,1334478,4670313,1824149,1305718,47333,166217,734164,47282,184888,235500,17904,423980,170356,847300,15012,61471,971106,4156638,15515886
NEBRASKA,2010,10221332,8834529,3202752,3864897,1442951,510581,226944,1514831,154332,15258,977868,789012, -   , -   ,1386803,9456753,2192338,7264415,5454797,805358,745591,162136,96533,2282049,9456753,8711162,2192338,6518824,3268458,2281071,258220,442495,663162,89027,237884,257134,36681,217554,96533,862943, -   , -   ,745591,2442982,12635329
NEVADA,2010,14053177,9937131,2917112,5835963,2559489,1715505,572427, -   , -   ,988542,675398,508658,84336, -   ,4031710,12934509,3703574,9230935,4720519,695708,3370551,241249,202908,1566615,12934509,9478097,3703574,5774523,4032431,1942891,232222,227264,707462,93531,298822,117580,19668,273620,199872,1332734,85861, -   ,3370551,4435774,23761540
NEW HAMPSHIRE,2010,7974888,6368804,2360687,2271936, -   ,899397,312188,82365,499669,478317,950203,785978, -   ,514366,1091718,7705787,1261454,6444333,4498632,466297,917546,158458,403400,939903,7705787,6350744,1261454,5089290,2003098,1909365,53102,89808,560500,59539,114567,59138,27650,270109,403400,800468,5908,431589,917546,8347216,11595601
NEW JERSEY,2010,66531221,51182545,15476911,25927891,7898165,3409287,1388521,10322943,2047474,861501,5969440,3808303,880775, -   ,14467901,67776049,11877592,55898457,32569027,4076105,15924753,1244291,2084281,10110123,67776049,49106061,11877592,37228469,16462416,13806299,2258908,1340661,2905213,465469,1563653,652579,414367,1892575,2079966,5263955,2745235, -   ,15924753,60968300,104167662
NEW MEXICO,2010,17452867,13892204,6247462,4295237,1685302,619261,194590,956600,125100,714384,1448184,1901321, -   , -   ,3560663,17996040,4322463,13673577,9807614,1176386,2092035,257950,339592,2698519,17996040,15904005,4322463,11581542,5519109,4390919,918976,535037,882437,149580,413725,218155,69505,641333,339592,1825637, -   , -   ,2092035,8739878,41486709
NEW YORK,2010,195725953,140231726,55746773,63807610,10568466,10536018,1541769,34751382,3895349,2514626,8849126,11828217,7426966, -   ,48067261,174754082,54318363,120435719,77925097,10994049,24605747,1577775,5333051,17990954,174754082,137973286,54318363,83654923,39107606,49595770,5761923,8895513,4644815,1034695,3266368,497352,573493,5732952,4050715,14812084,12175049, -   ,24605747,129529501,299109916
NORTH CAROLINA,2010,57465106,44055374,15698831,21514930,5856993,3576598,1533688,9133689,1294314,119648,4239914,2601699,8, -   ,13409724,52189891,13429946,38759945,25469694,3073825,9121329,492672,602425,8537894,52189891,43013853,13429946,29583907,18644909,11417170,1529760,1705764,3045230,520263,1436294,556843,256290,1137202,602425,2161703,54709, -   ,9121329,18853155,83941441
NORTH DAKOTA,2010,6118449,5415249,1741931,2645695,603740,345038,166119,303764,88347,1138687,651297,376326, -   , -   ,703200,5134130,1245686,3888444,2592852,579222,445633,156277,114460,960305,5134130,4688497,1245686,3442811,1765141,828652,64361,126901,594876,27013,72657,243232,20345,147879,114460,682980, -   , -   ,445633,2198282,13847634
OHIO,2010,88677168,57818101,22461873,23583596,7253496,4991852,3243554,7886802,142318,65574,7754419,4018213, -   ,779291,30079776,76690552,18348743,58341809,31743004,4469090,18407307,2238769,1483639,8463707,76690552,57813231,18348743,39464488,22051745,16882487,2572584,2309442,3258502,285131,1605846,381711,114155,1878147,1483639,4989842, -   ,470014,18407307,30003599,172498523
OKLAHOMA,2010,23820301,19614684,8133133,7082161,1968309,1007356,886872,2224783,216400,778441,2333506,2065884,491258, -   ,3714359,22766045,4546446,18219599,11825785,2612664,2860646,407391,513113,3119210,22766045,19359191,4546446,14812745,7761989,5412442,231730,788653,1920884,175579,587482,247539,93459,607397,435174,1096863,546208, -   ,2860646,9963419,32345773
OREGON,2010,28889040,19186283,6857718,7475135, -   ,999939,1030086,4945538,353589,145983,3024055,1829375,49,420618,9282090,26978154,5864882,21113272,12373948,1586078,6174923,532852,445471,4324126,26978154,20559825,5864882,14694943,7341838,5423746,1477147,459211,1759045,170477,754369,415965,80459,841036,445471,1391061,27713,215693,6174923,13510005,62301831
PENNSYLVANIA,2010,83282944,63880033,21338641,30169122,8029797,7435101,2546905,9352287,1648956,1156076,7939424,4432846, -   ,1511390,17891521,87285286,18871434,68413852,40916770,7506718,16404349,1849102,1736913,8072449,87285286,69431023,18871434,50559589,21501557,22534344,3865380,1225737,7493880,878283,1874225,692230,251319,3245814,1736913,4131341, -   ,1449914,16404349,44737622,114304133
RHODE ISLAND,2010,8547053,6756383,2563932,2568759,798481,606500,93364,909674,121668,39072,765541,858151,27697, -   ,1762973,8212308,1193600,7018708,4366354,397007,1699252,126623,429472,1096055,8212308,6354011,1193600,5160411,1768009,2329603,57913,190318,293947,77150,174958,41543,5417,323819,429472,661862,159045, -   ,1699252,9498115,15362227
SOUTH CAROLINA,2010,28797998,21442119,7933502,7242724,2724641,1245802,409053,2673000,148500,41728,4359739,1906154,1688893, -   ,5666986,29036681,5369519,23667162,15988611,1746611,4177124,1049436,705380,3565618,29036681,22919524,5369519,17550005,7775952,6192888,1435197,1023050,1249688,173906,460351,224572,102809,910479,471176,2899456,1940033, -   ,4177124,15770780,33468922
SOUTH DAKOTA,2010,4584347,3991107,1794047,1321228,742363,338914,200066, -   ,31157,8728,333774,542058, -   , -   ,593240,4429196,737190,3692006,2372787,669853,440917,82220,126229,899706,4429196,3988279,737190,3251089,1303153,977597,63984,134121,531186,33527,110189,156994,40474,234157,126229,276668, -   , -   ,440917,3483142,11404099
TENNESSEE,2010,29719569,25517396,11371391,10513788,6130877,1896919,1167316,172459,901617,244600,2184230,1447987, -   , -   ,4202173,29675372,6664828,23010544,16885663,1624918,3348867,908426,242670,3595113,29675372,26326505,6664828,19661677,8973778,10038634,472403,1129326,1595076,209416,758842,264510,94876,784005,242670,1762969, -   , -   ,3348867,5835113,36919854
TEXAS,2010,120506772,100040740,41450202,39516186,19804177,11403861,6451744, -   , -   ,1856404,11478982,7595370, -   , -   ,20466032,119871583,27461315,92410268,64866427,6677238,17499062,2197332,1170209,15638657,119871583,102372521,27461315,74911206,46704736,29017233,4047211,2753187,5830910,818673,3691934,888625,193603,2009139,1170209,5247061, -   , -   ,17499062,42033571,253068306
UTAH,2010,16167203,13372821,4373886,5237427,1638906,768781,389896,2104641,245980,89223,2716447,1045061, -   ,236622,2557760,16267432,3027680,13239752,8508997,1925320,1909984,640114,255337,2653421,16267432,14183072,3027680,11155392,6124277,2680789,930644,395171,1595689,131464,302043,166172,43554,804190,255337,753742, -   ,174376,1909984,6477933,25386840
VERMONT,2010,6001197,5330512,1904907,2511387,311140,534196,106558,489107,85178,985208,608434,305784, -   ,44773,625912,5745943,1518129,4227814,3172930,232531,499206,169004,154143,735396,5745943,5172036,1518129,3653907,2300338,1404798,20152,156962,387389,74486,125326,69882,13037,130560,154143,334963,30001,44700,499206,3492873,6585601
VIRGINIA,2010,46356567,37103065,9779654,16411055,3543210,2328442,655193,8659470,789655,435085,7232843,3679513, -   ,558730,8694772,43297502,10959394,32338108,22321955,2673089,4848401,1424292,1070371,6233732,43297502,37994323,10959394,27034929,13863611,8727177,3219295,956154,2779737,645815,1496231,237522,109061,1298006,1070371,3591343, -   ,454778,4848401,25046936,69947162
WASHINGTON,2010,44306798,33710587,11176371,16106154,9607285,3241734,933241, -   , -   ,2323894,4175479,2252583, -   ,578617,10017594,46237740,9798444,36439296,21151527,3334280,9222082,1564475,1166932,9965462,46237740,36469145,9798444,26670701,14817620,8546635,1892729,1733220,3147410,315411,1063830,789477,130757,728478,1166932,2136646,64916,481597,9222082,27522099,72524078
WEST VIRGINIA,2010,13712959,11709919,4426116,4803704,1156513,1184510,143456,1521895,237159,560171,1318893,1161206,2272,79614,1921154,12343051,2382633,9960418,6984904,1004272,1505492,198482,267268,1731700,12343051,10767434,2382633,8384801,3931867,3042614,121617,291129,1157005,72880,270717,236900,62639,400680,267268,912118,3521,66604,1505492,7144323,17847539
WISCONSIN,2010,48088136,30845174,10403378,14368569,3944260,2742579,833180,5791991,851537,205022,3632874,2440353, -   , -   ,17242962,38589815,10253124,28336691,17474054,2328873,6905196,652245,976323,4292114,38589815,31677742,10253124,21424618,11091896,8325974,1160327,764473,2317321,135435,1131141,681853,35691,710821,976323,4346487,6877, -   ,6905196,22318551,84936169
WYOMING,2010,7454081,5627033,2456605,2158260,789413,126068,139052, -   , -   ,1103727,182481,829687, -   ,81884,1745164,5756937,1760946,3995991,2537648,592269,729260,73584,63230,709217,5756937,4956616,1760946,3195670,1613556,733979,5336,290415,571400,52590,137524,423646,22732,310510,63230,731698, -   ,71061,729260,1514359,19829046
